{"means": [0.3454266254192607, 0.4017423547357385, 0.23571134798357693], "std": [0.19282933842902986, 0.204365895781311, 0.16575982218566662]}